scheme_code,scheme_name,alpha_annualised,beta
118632,Nippon India Large Cap Fund - Regular - Growth,0.1485721000963885,-0.006278997029286264
119092,Axis Bluechip Fund - Regular - Growth,0.06830821495719018,0.001653119475372957
119551,SBI Bluechip Fund - Regular Plan - Growth,-0.031188109549733528,0.060615501273533656
120503,ICICI Pru Bluechip Fund - Regular - Growth,0.06596308570629104,-0.017936830093348868
120841,Kotak Bluechip Fund - Regular - Growth,0.17356332979310637,0.001723050569550767
