{
  "nav": {
    "mean": 269.5702650021739,
    "median": 122.73214999999999,
    "std": 577.1870602670778,
    "min": 26.1366,
    "max": 4268.5497
  },
  "aum": {
    "total_crore": 39176000.0,
    "mean_crore": 435288.8888888889
  },
  "sip": {
    "total": 939721.0,
    "mean": 19577.520833333332,
    "max": 31002.0
  },
  "transactions": {
    "count": 32778,
    "total_amount": 3521580430.0,
    "by_type": {
      "Lumpsum": 2059821448,
      "Redemption": 1244525491,
      "Sip": 217233491
    }
  }
}