scheme_code,scheme_name,alpha_annualised,beta,tracking_error_annualised,var_95,cvar_95,amfi_code,scheme_name_perf,fund_house,category,plan,return_1yr_pct,return_3yr_pct,return_5yr_pct,benchmark_3yr_pct,alpha,beta_perf,sharpe_ratio,sortino_ratio,std_dev_ann_pct,max_drawdown_pct,aum_crore,expense_ratio_pct,morningstar_rating,risk_grade
118632,Nippon India Large Cap Fund - Regular - Growth,0.1485721000963885,-0.006278997029286264,0.19147710247344454,-0.0158716615115098,-0.024714395720403466,118632,Nippon India Large Cap Fund - Regular - Growth,Nippon India MF,Large Cap,Regular,15.84,14.0,14.7,13.14,0.86,0.88,1.0,1.68,14.0,-16.07,20909,1.51,4,Moderate
119092,Axis Bluechip Fund - Regular - Growth,0.06830821495719018,0.001653119475372957,0.12835468321998136,5.953700676510912e-05,-0.0002018435166646609,119092,Axis Bluechip Fund - Regular - Growth,Axis Mutual Fund,Large Cap,Regular,11.82,11.84,14.14,10.43,1.41,0.91,0.85,1.25,14.0,-27.54,25803,1.64,4,Moderate
119551,SBI Bluechip Fund - Regular Plan - Growth,-0.031188109549733528,0.060615501273533656,0.16726484125669414,-0.0010240332021842814,-0.008484041231411395,119551,SBI Bluechip Fund - Regular Plan - Growth,SBI Mutual Fund,Large Cap,Regular,12.42,12.36,14.45,11.49,0.87,0.89,0.88,1.29,14.0,-21.7,14288,1.54,4,Moderate
120503,ICICI Pru Bluechip Fund - Regular - Growth,0.06596308570629104,-0.017936830093348868,0.1946039545085242,-0.014630906641639234,-0.028614947155176138,120503,ICICI Pru Bluechip Fund - Regular - Growth,ICICI Prudential MF,Large Cap,Regular,15.63,11.54,11.46,10.88,0.66,0.96,0.82,1.12,14.0,-25.91,36022,1.42,4,Moderate
120841,Kotak Bluechip Fund - Regular - Growth,0.17356332979310637,0.001723050569550767,0.21989668504597315,-0.014224923163400327,-0.02389662196511348,120841,Kotak Bluechip Fund - Regular - Growth,Kotak Mahindra MF,Large Cap,Regular,14.37,12.25,13.42,10.98,1.27,0.93,0.87,1.34,14.0,-17.86,35585,1.59,3,Moderate
