scheme_code,scheme_name,var_95,cvar_95
118632,Nippon India Large Cap Fund - Regular - Growth,-0.0158716615115098,-0.024714395720403466
119092,Axis Bluechip Fund - Regular - Growth,5.953700676510912e-05,-0.0002018435166646609
119551,SBI Bluechip Fund - Regular Plan - Growth,-0.0010240332021842814,-0.008484041231411395
120503,ICICI Pru Bluechip Fund - Regular - Growth,-0.014630906641639234,-0.028614947155176138
120841,Kotak Bluechip Fund - Regular - Growth,-0.014224923163400327,-0.02389662196511348
